date,headline,source
2025-04-17,Did Tim Cook get the last laugh? Federal Court tosses Trump's tariffs as administration appeals,PhoneArena
2025-04-17,Texas Governor Signs Off on App Store Law Against Tim Cook's Wishes,MacRumors
2025-04-17,Texas signs into law online safety bill reportedly opposed by Apple's Tim Cook,TechCrunch
2025-04-17,Trump's relationship with Apple is souring,Quartz India
2025-04-17,Report: Trump imposed 25% tariff on foreign made iPhones to get back at Tim Cook,PhoneArena
2025-04-17,Which Magnificent 7 company was threatened with fresh tariffs over the weekend?,Motley Fool Australia
2025-04-17,Trump's Trade Tariffs Challenge Apple's Global Manufacturing Strategy,Devdiscourse
2025-04-17,Trump expands 25% tariffs on all smartphones made outside of US,Firstpost
2025-04-17,Apple CEO reportedly urged Texas' governor to ditch online child safety bill,TechCrunch
2025-04-17,Apple opposes Texas app store age verification bill,The Verge
2025-04-21,Did Tim Cook get the last laugh? Federal Court tosses Trump's tariffs as administration appeals,PhoneArena
2025-04-21,Texas Governor Signs Off on App Store Law Against Tim Cook's Wishes,MacRumors
2025-04-21,Texas signs into law online safety bill reportedly opposed by Apple's Tim Cook,TechCrunch
2025-04-21,Trump's relationship with Apple is souring,Quartz India
2025-04-21,Report: Trump imposed 25% tariff on foreign made iPhones to get back at Tim Cook,PhoneArena
2025-04-21,Which Magnificent 7 company was threatened with fresh tariffs over the weekend?,Motley Fool Australia
2025-04-21,Trump's Trade Tariffs Challenge Apple's Global Manufacturing Strategy,Devdiscourse
2025-04-21,Trump expands 25% tariffs on all smartphones made outside of US,Firstpost
2025-04-21,Apple CEO reportedly urged Texas' governor to ditch online child safety bill,TechCrunch
2025-04-21,Apple opposes Texas app store age verification bill,The Verge
2025-04-22,Did Tim Cook get the last laugh? Federal Court tosses Trump's tariffs as administration appeals,PhoneArena
2025-04-22,Texas Governor Signs Off on App Store Law Against Tim Cook's Wishes,MacRumors
2025-04-22,Texas signs into law online safety bill reportedly opposed by Apple's Tim Cook,TechCrunch
2025-04-22,Trump's relationship with Apple is souring,Quartz India
2025-04-22,Report: Trump imposed 25% tariff on foreign made iPhones to get back at Tim Cook,PhoneArena
2025-04-22,Which Magnificent 7 company was threatened with fresh tariffs over the weekend?,Motley Fool Australia
2025-04-22,Trump's Trade Tariffs Challenge Apple's Global Manufacturing Strategy,Devdiscourse
2025-04-22,Trump expands 25% tariffs on all smartphones made outside of US,Firstpost
2025-04-22,Apple CEO reportedly urged Texas' governor to ditch online child safety bill,TechCrunch
2025-04-22,Apple opposes Texas app store age verification bill,The Verge
2025-05-01,Did Tim Cook get the last laugh? Federal Court tosses Trump's tariffs as administration appeals,PhoneArena
2025-05-01,Texas Governor Signs Off on App Store Law Against Tim Cook's Wishes,MacRumors
2025-05-01,Texas signs into law online safety bill reportedly opposed by Apple's Tim Cook,TechCrunch
2025-05-01,Trump's relationship with Apple is souring,Quartz India
2025-05-01,Report: Trump imposed 25% tariff on foreign made iPhones to get back at Tim Cook,PhoneArena
2025-05-01,Which Magnificent 7 company was threatened with fresh tariffs over the weekend?,Motley Fool Australia
2025-05-01,Trump's Trade Tariffs Challenge Apple's Global Manufacturing Strategy,Devdiscourse
2025-05-01,Trump expands 25% tariffs on all smartphones made outside of US,Firstpost
2025-05-01,Apple CEO reportedly urged Texas' governor to ditch online child safety bill,TechCrunch
2025-05-01,Apple opposes Texas app store age verification bill,The Verge
2025-05-02,Did Tim Cook get the last laugh? Federal Court tosses Trump's tariffs as administration appeals,PhoneArena
2025-05-02,Texas Governor Signs Off on App Store Law Against Tim Cook's Wishes,MacRumors
2025-05-02,Texas signs into law online safety bill reportedly opposed by Apple's Tim Cook,TechCrunch
2025-05-02,Trump's relationship with Apple is souring,Quartz India
2025-05-02,Report: Trump imposed 25% tariff on foreign made iPhones to get back at Tim Cook,PhoneArena
2025-05-02,Which Magnificent 7 company was threatened with fresh tariffs over the weekend?,Motley Fool Australia
2025-05-02,Trump's Trade Tariffs Challenge Apple's Global Manufacturing Strategy,Devdiscourse
2025-05-02,Trump expands 25% tariffs on all smartphones made outside of US,Firstpost
2025-05-02,Apple CEO reportedly urged Texas' governor to ditch online child safety bill,TechCrunch
2025-05-02,Apple opposes Texas app store age verification bill,The Verge
2025-05-05,Did Tim Cook get the last laugh? Federal Court tosses Trump's tariffs as administration appeals,PhoneArena
2025-05-05,Texas Governor Signs Off on App Store Law Against Tim Cook's Wishes,MacRumors
2025-05-05,Texas signs into law online safety bill reportedly opposed by Apple's Tim Cook,TechCrunch
2025-05-05,Trump's relationship with Apple is souring,Quartz India
2025-05-05,Report: Trump imposed 25% tariff on foreign made iPhones to get back at Tim Cook,PhoneArena
2025-05-05,Which Magnificent 7 company was threatened with fresh tariffs over the weekend?,Motley Fool Australia
2025-05-05,Trump's Trade Tariffs Challenge Apple's Global Manufacturing Strategy,Devdiscourse
2025-05-05,Trump expands 25% tariffs on all smartphones made outside of US,Firstpost
2025-05-05,Apple CEO reportedly urged Texas' governor to ditch online child safety bill,TechCrunch
2025-05-05,Apple opposes Texas app store age verification bill,The Verge
2025-05-15,Did Tim Cook get the last laugh? Federal Court tosses Trump's tariffs as administration appeals,PhoneArena
2025-05-15,Texas Governor Signs Off on App Store Law Against Tim Cook's Wishes,MacRumors
2025-05-15,Texas signs into law online safety bill reportedly opposed by Apple's Tim Cook,TechCrunch
2025-05-15,Trump's relationship with Apple is souring,Quartz India
2025-05-15,Report: Trump imposed 25% tariff on foreign made iPhones to get back at Tim Cook,PhoneArena
2025-05-15,Which Magnificent 7 company was threatened with fresh tariffs over the weekend?,Motley Fool Australia
2025-05-15,Trump's Trade Tariffs Challenge Apple's Global Manufacturing Strategy,Devdiscourse
2025-05-15,Trump expands 25% tariffs on all smartphones made outside of US,Firstpost
2025-05-15,Apple CEO reportedly urged Texas' governor to ditch online child safety bill,TechCrunch
2025-05-15,Apple opposes Texas app store age verification bill,The Verge
2025-05-16,Did Tim Cook get the last laugh? Federal Court tosses Trump's tariffs as administration appeals,PhoneArena
2025-05-16,Texas Governor Signs Off on App Store Law Against Tim Cook's Wishes,MacRumors
2025-05-16,Texas signs into law online safety bill reportedly opposed by Apple's Tim Cook,TechCrunch
2025-05-16,Trump's relationship with Apple is souring,Quartz India
2025-05-16,Report: Trump imposed 25% tariff on foreign made iPhones to get back at Tim Cook,PhoneArena
2025-05-16,Which Magnificent 7 company was threatened with fresh tariffs over the weekend?,Motley Fool Australia
2025-05-16,Trump's Trade Tariffs Challenge Apple's Global Manufacturing Strategy,Devdiscourse
2025-05-16,Trump expands 25% tariffs on all smartphones made outside of US,Firstpost
2025-05-16,Apple CEO reportedly urged Texas' governor to ditch online child safety bill,TechCrunch
2025-05-16,Apple opposes Texas app store age verification bill,The Verge
2025-05-19,Did Tim Cook get the last laugh? Federal Court tosses Trump's tariffs as administration appeals,PhoneArena
2025-05-19,Texas Governor Signs Off on App Store Law Against Tim Cook's Wishes,MacRumors
2025-05-19,Texas signs into law online safety bill reportedly opposed by Apple's Tim Cook,TechCrunch
2025-05-19,Trump's relationship with Apple is souring,Quartz India
2025-05-19,Report: Trump imposed 25% tariff on foreign made iPhones to get back at Tim Cook,PhoneArena
2025-05-19,Which Magnificent 7 company was threatened with fresh tariffs over the weekend?,Motley Fool Australia
2025-05-19,Trump's Trade Tariffs Challenge Apple's Global Manufacturing Strategy,Devdiscourse
2025-05-19,Trump expands 25% tariffs on all smartphones made outside of US,Firstpost
2025-05-19,Apple CEO reportedly urged Texas' governor to ditch online child safety bill,TechCrunch
2025-05-19,Apple opposes Texas app store age verification bill,The Verge
2025-05-30,Did Tim Cook get the last laugh? Federal Court tosses Trump's tariffs as administration appeals,PhoneArena
2025-05-30,Texas Governor Signs Off on App Store Law Against Tim Cook's Wishes,MacRumors
2025-05-30,Texas signs into law online safety bill reportedly opposed by Apple's Tim Cook,TechCrunch
2025-05-30,Trump's relationship with Apple is souring,Quartz India
2025-05-30,Report: Trump imposed 25% tariff on foreign made iPhones to get back at Tim Cook,PhoneArena
2025-05-30,Which Magnificent 7 company was threatened with fresh tariffs over the weekend?,Motley Fool Australia
2025-05-30,Trump's Trade Tariffs Challenge Apple's Global Manufacturing Strategy,Devdiscourse
2025-05-30,Trump expands 25% tariffs on all smartphones made outside of US,Firstpost
2025-05-30,Apple CEO reportedly urged Texas' governor to ditch online child safety bill,TechCrunch
2025-05-30,Apple opposes Texas app store age verification bill,The Verge
